Epoch,Train Loss,Train Accuracy,Train Precision,Train Recall,Train F1 Score,Validation Loss,Validation Accuracy,Validation Precision,Validation Recall,Validation F1 Score
1,0.23614986740544902,92.4300336874838,0.9241731515698492,0.924244443973378,0.9241841422488223,0.10998656808092079,96.49520601192019,0.9650946733218658,0.9646342617740632,0.9647111038709522
