Epoch,Train Loss,Train Accuracy,Train Precision,Train Recall,Train F1 Score,Validation Loss,Validation Accuracy,Validation Precision,Validation Recall,Validation F1 Score
1,0.23614986740544902,92.4300336874838,0.9241731515698492,0.924244443973378,0.9241841422488223,0.10998656808092079,96.49520601192019,0.9650946733218658,0.9646342617740632,0.9647111038709522
2,0.11522134597089934,96.22959315884944,0.9621590948735881,0.9621752037573361,0.9621641161767273,0.10690189270239023,96.51464109873024,0.9640552120673489,0.9664632526580795,0.9644259417495
3,0.09015611946761339,97.00051826898161,0.969944601353951,0.9699419756074504,0.9699411076934626,0.08776737828584731,97.143042238922,0.9714479833910443,0.9715946365344124,0.9714570569499187
